price,mileage,engineSize,transmission,fuelType,link,imageLink
1495,96000,1.4L,Manual,Diesel,https://www.autotrader.co.uk/car-details/202212292834981?onesearchad=New&onesearchad=Nearly%20New&onesearchad=Used&year-from=2006&make=Ford&radius=1501&model=Fiesta&year-to=2006&postcode=tq122pu&advertising-location=at_cars&exclude-writeoff-categories=on&sort=relevance&page=1,https://m.atcdn.co.uk/a/media/w340h255pf7f7f5/9055ba3160a04166b75c7763411711d5.jpg
1100,88000,1.2L,Manual,Petrol,https://www.autotrader.co.uk/car-details/202212162577897?onesearchad=New&onesearchad=Nearly%20New&onesearchad=Used&year-from=2006&make=Ford&radius=1501&model=Fiesta&year-to=2006&postcode=tq122pu&advertising-location=at_cars&exclude-writeoff-categories=on&sort=relevance&page=1,https://m.atcdn.co.uk/a/media/w340h255pf7f7f5/06ef5040faaa47a5b125ad1c3859150b.jpg
790,119000,1.4L,Manual,Petrol,https://www.autotrader.co.uk/car-details/202212202665729?onesearchad=New&onesearchad=Nearly%20New&onesearchad=Used&year-from=2006&make=Ford&radius=1501&model=Fiesta&year-to=2006&postcode=tq122pu&advertising-location=at_cars&exclude-writeoff-categories=on&sort=relevance&page=1,https://m.atcdn.co.uk/a/media/w340h255pf7f7f5/09c56387217e4e979d640c66a7921240.jpg
1799,97000,1.4L,Manual,Diesel,https://www.autotrader.co.uk/car-details/202212292816616?onesearchad=New&onesearchad=Nearly%20New&onesearchad=Used&year-from=2006&make=Ford&radius=1501&model=Fiesta&year-to=2006&postcode=tq122pu&advertising-location=at_cars&exclude-writeoff-categories=on&sort=relevance&page=1,https://m.atcdn.co.uk/a/media/w340h255pf7f7f5/1c8c5dbd615d426bad5c84fcdfcc5ce9.jpg
2145,150000,1.4L,Manual,Petrol,https://www.autotrader.co.uk/car-details/202212102436443?onesearchad=New&onesearchad=Nearly%20New&onesearchad=Used&year-from=2006&make=Ford&radius=1501&model=Fiesta&year-to=2006&postcode=tq122pu&advertising-location=at_cars&exclude-writeoff-categories=on&sort=relevance&page=1,https://m.atcdn.co.uk/a/media/w340h255pf7f7f5/c324281d0fd74d74a610cacf773e80ef.jpg
1995,110102,1.6L,Manual,Petrol,https://www.autotrader.co.uk/car-details/202212272785525?onesearchad=New&onesearchad=Nearly%20New&onesearchad=Used&year-from=2006&make=Ford&radius=1501&model=Fiesta&year-to=2006&postcode=tq122pu&advertising-location=at_cars&exclude-writeoff-categories=on&sort=relevance&page=1,https://m.atcdn.co.uk/a/media/w340h255pf7f7f5/bfee3f4366e84536bfb6212a6afd6a60.jpg
1399,110683,1.4L,Manual,Diesel,https://www.autotrader.co.uk/car-details/202212202663534?onesearchad=New&onesearchad=Nearly%20New&onesearchad=Used&year-from=2006&make=Ford&radius=1501&model=Fiesta&year-to=2006&postcode=tq122pu&advertising-location=at_cars&exclude-writeoff-categories=on&sort=relevance&page=1,https://m.atcdn.co.uk/a/media/w340h255pf7f7f5/827526b382a54b11955c153568718ba6.jpg
1394,114000,1.25L,Manual,Petrol,https://www.autotrader.co.uk/car-details/202208138761842?onesearchad=New&onesearchad=Nearly%20New&onesearchad=Used&year-from=2006&make=Ford&radius=1501&model=Fiesta&year-to=2006&postcode=tq122pu&advertising-location=at_cars&exclude-writeoff-categories=on&sort=relevance&page=1,https://m.atcdn.co.uk/a/media/w340h255pf7f7f5/4d90c06beb49433b90abfc99beb3050f.jpg
1450,50000,1.4L,Manual,Petrol,https://www.autotrader.co.uk/car-details/202212222720549?onesearchad=New&onesearchad=Nearly%20New&onesearchad=Used&year-from=2006&make=Ford&radius=1501&model=Fiesta&year-to=2006&postcode=tq122pu&advertising-location=at_cars&exclude-writeoff-categories=on&sort=relevance&page=1,https://m.atcdn.co.uk/a/media/w340h255pf7f7f5/8c25a756a05540918e429c52638b83c3.jpg
2000,55750,1.25L,Manual,Petrol,https://www.autotrader.co.uk/car-details/202209079524965?onesearchad=New&onesearchad=Nearly%20New&onesearchad=Used&year-from=2006&make=Ford&radius=1501&model=Fiesta&year-to=2006&postcode=tq122pu&advertising-location=at_cars&exclude-writeoff-categories=on&sort=relevance&page=1,https://m.atcdn.co.uk/a/media/w340h255pf7f7f5/180570ae09244440bf9bcdb9f2c03e3c.jpg
2495,67181,1.4L,Manual,Petrol,https://www.autotrader.co.uk/car-details/202212212695086?onesearchad=New&onesearchad=Nearly%20New&onesearchad=Used&year-from=2006&make=Ford&radius=1501&model=Fiesta&year-to=2006&postcode=tq122pu&advertising-location=at_cars&exclude-writeoff-categories=on&sort=relevance&page=1&journey=PROMOTED_LISTING_JOURNEY,https://m.atcdn.co.uk/a/media/w340h255pf7f7f5/fd79e3d1a9f24bb5b6d563ed23b6ff6e.jpg
2250,109000,1.4L,Manual,Petrol,https://www.autotrader.co.uk/car-details/202212292835304?include-delivery-option=on&model=Fiesta&radius=1500&postcode=tq122pu&exclude-writeoff-categories=on&make=Ford&sort=relevance&advertising-location=at_cars&year-to=2006&onesearchad=New&onesearchad=Nearly%20New&onesearchad=Used&year-from=2006&page=2,https://m.atcdn.co.uk/a/media/w340h255pf7f7f5/19d4f6cae5764112a77fd6427c690f73.jpg
850,107000,1.25L,Manual,Petrol,https://www.autotrader.co.uk/car-details/202212082386977?include-delivery-option=on&model=Fiesta&radius=1500&postcode=tq122pu&exclude-writeoff-categories=on&make=Ford&sort=relevance&advertising-location=at_cars&year-to=2006&onesearchad=New&onesearchad=Nearly%20New&onesearchad=Used&year-from=2006&page=2,https://m.atcdn.co.uk/a/media/w340h255pf7f7f5/0829f974c84c4fb7a920bea4c11bda34.jpg
1490,105410,1.25L,Manual,Petrol,https://www.autotrader.co.uk/car-details/202210271129239?include-delivery-option=on&model=Fiesta&radius=1500&postcode=tq122pu&exclude-writeoff-categories=on&make=Ford&sort=relevance&advertising-location=at_cars&year-to=2006&onesearchad=New&onesearchad=Nearly%20New&onesearchad=Used&year-from=2006&page=2,https://m.atcdn.co.uk/a/media/w340h255pf7f7f5/8b3d64e19eb74185b3ddb4acf98abc5f.jpg
1290,104000,1.4L,Manual,Petrol,https://www.autotrader.co.uk/car-details/202212292835891?include-delivery-option=on&model=Fiesta&radius=1500&postcode=tq122pu&exclude-writeoff-categories=on&make=Ford&sort=relevance&advertising-location=at_cars&year-to=2006&onesearchad=New&onesearchad=Nearly%20New&onesearchad=Used&year-from=2006&page=2,https://m.atcdn.co.uk/a/media/w340h255pf7f7f5/c9a1c3d37b28489989e221a22afd110b.jpg
1995,100000,1.4L,Manual,Petrol,https://www.autotrader.co.uk/car-details/202212102432067?include-delivery-option=on&model=Fiesta&radius=1500&postcode=tq122pu&exclude-writeoff-categories=on&make=Ford&sort=relevance&advertising-location=at_cars&year-to=2006&onesearchad=New&onesearchad=Nearly%20New&onesearchad=Used&year-from=2006&page=2,https://m.atcdn.co.uk/a/media/w340h255pf7f7f5/c3aaec2010774d978cfdeda1cd5fc772.jpg
2450,50000,1.4L,Manual,Petrol,https://www.autotrader.co.uk/car-details/202211111596424?include-delivery-option=on&model=Fiesta&radius=1500&postcode=tq122pu&exclude-writeoff-categories=on&make=Ford&sort=relevance&advertising-location=at_cars&year-to=2006&onesearchad=New&onesearchad=Nearly%20New&onesearchad=Used&year-from=2006&page=2,https://m.atcdn.co.uk/a/media/w340h255pf7f7f5/c5b28e47812d4806aca20356704efadd.jpg
1095,93000,1.25L,Manual,Petrol,https://www.autotrader.co.uk/car-details/202212302842566?include-delivery-option=on&model=Fiesta&radius=1500&postcode=tq122pu&exclude-writeoff-categories=on&make=Ford&sort=relevance&advertising-location=at_cars&year-to=2006&onesearchad=New&onesearchad=Nearly%20New&onesearchad=Used&year-from=2006&page=2,https://m.atcdn.co.uk/a/media/w340h255pf7f7f5/a63e31d4f7424d0eaf73e2c56e8825f4.jpg
2475,61000,1.4L,Manual,Petrol,https://www.autotrader.co.uk/car-details/202212302853611?include-delivery-option=on&model=Fiesta&radius=1500&postcode=tq122pu&exclude-writeoff-categories=on&make=Ford&sort=relevance&advertising-location=at_cars&year-to=2006&onesearchad=New&onesearchad=Nearly%20New&onesearchad=Used&year-from=2006&page=2,https://www.autotrader.co.uk/images/noimage/no_image_266x200.png
1680,99800,1.4L,Manual,Petrol,https://www.autotrader.co.uk/car-details/202212182599303?include-delivery-option=on&model=Fiesta&radius=1500&postcode=tq122pu&exclude-writeoff-categories=on&make=Ford&sort=relevance&advertising-location=at_cars&year-to=2006&onesearchad=New&onesearchad=Nearly%20New&onesearchad=Used&year-from=2006&page=2,https://m.atcdn.co.uk/a/media/w340h255pf7f7f5/e3ae847e8b834e299c5e3fd021d7e26c.jpg
1895,101425,1.2L,Manual,Petrol,https://www.autotrader.co.uk/car-details/202210281161336?include-delivery-option=on&model=Fiesta&radius=1500&postcode=tq122pu&exclude-writeoff-categories=on&make=Ford&sort=relevance&advertising-location=at_cars&year-to=2006&onesearchad=New&onesearchad=Nearly%20New&onesearchad=Used&year-from=2006&page=2&percentVehiclePriceDeposit=true,https://m.atcdn.co.uk/a/media/w340h255pf7f7f5/e5b68eb527bd40fcb732f30bee8f4830.jpg
2495,67181,1.4L,Manual,Petrol,https://www.autotrader.co.uk/car-details/202212212695086?include-delivery-option=on&model=Fiesta&radius=1500&postcode=tq122pu&exclude-writeoff-categories=on&make=Ford&sort=relevance&advertising-location=at_cars&year-to=2006&onesearchad=New&onesearchad=Nearly%20New&onesearchad=Used&year-from=2006&page=2&journey=PROMOTED_LISTING_JOURNEY,https://m.atcdn.co.uk/a/media/w340h255pf7f7f5/fd79e3d1a9f24bb5b6d563ed23b6ff6e.jpg
2495,55906,1.25L,Manual,Petrol,https://www.autotrader.co.uk/car-details/202212292829698?onesearchad=New&onesearchad=Nearly%20New&onesearchad=Used&year-from=2006&make=Ford&radius=1500&model=Fiesta&year-to=2006&include-delivery-option=on&postcode=tq122pu&advertising-location=at_cars&exclude-writeoff-categories=on&sort=relevance&page=3,https://m.atcdn.co.uk/a/media/w340h255pf7f7f5/54a0fb1c881044189f3ca7472330573f.jpg
1285,131345,1.2L,Manual,Petrol,https://www.autotrader.co.uk/car-details/202211181807224?onesearchad=New&onesearchad=Nearly%20New&onesearchad=Used&year-from=2006&make=Ford&radius=1500&model=Fiesta&year-to=2006&include-delivery-option=on&postcode=tq122pu&advertising-location=at_cars&exclude-writeoff-categories=on&sort=relevance&page=3,https://m.atcdn.co.uk/a/media/w340h255pf7f7f5/032745946c38463fa0cfe8fddafd05e9.jpg
2290,89000,1.4L,Manual,Petrol,https://www.autotrader.co.uk/car-details/202211111594143?onesearchad=New&onesearchad=Nearly%20New&onesearchad=Used&year-from=2006&make=Ford&radius=1500&model=Fiesta&year-to=2006&include-delivery-option=on&postcode=tq122pu&advertising-location=at_cars&exclude-writeoff-categories=on&sort=relevance&page=3,https://m.atcdn.co.uk/a/media/w340h255pf7f7f5/434c16e62ac1435b82bb056166c233f1.jpg
2949,69000,1.25L,Manual,Petrol,https://www.autotrader.co.uk/car-details/202210040405513?onesearchad=New&onesearchad=Nearly%20New&onesearchad=Used&year-from=2006&make=Ford&radius=1500&model=Fiesta&year-to=2006&include-delivery-option=on&postcode=tq122pu&advertising-location=at_cars&exclude-writeoff-categories=on&sort=relevance&page=3,https://m.atcdn.co.uk/a/media/w340h255pf7f7f5/2249f954ff4a435a8c2e1f19bf27eed4.jpg
2495,40000,1.25L,Manual,Petrol,https://www.autotrader.co.uk/car-details/202211101562060?onesearchad=New&onesearchad=Nearly%20New&onesearchad=Used&year-from=2006&make=Ford&radius=1500&model=Fiesta&year-to=2006&include-delivery-option=on&postcode=tq122pu&advertising-location=at_cars&exclude-writeoff-categories=on&sort=relevance&page=3,https://m.atcdn.co.uk/a/media/w340h255pf7f7f5/eb7846b3478e4beab0dfeaa1c9375bcd.jpg
2500,61348,1.4L,Manual,Petrol,https://www.autotrader.co.uk/car-details/202212192623119?onesearchad=New&onesearchad=Nearly%20New&onesearchad=Used&year-from=2006&make=Ford&radius=1500&model=Fiesta&year-to=2006&include-delivery-option=on&postcode=tq122pu&advertising-location=at_cars&exclude-writeoff-categories=on&sort=relevance&page=3,https://m.atcdn.co.uk/a/media/w340h255pf7f7f5/0f4df293b7524affb327eaafde50229d.jpg
3250,69900,1.6L,Manual,Petrol,https://www.autotrader.co.uk/car-details/202210311237298?onesearchad=New&onesearchad=Nearly%20New&onesearchad=Used&year-from=2006&make=Ford&radius=1500&model=Fiesta&year-to=2006&include-delivery-option=on&postcode=tq122pu&advertising-location=at_cars&exclude-writeoff-categories=on&sort=relevance&page=3,https://m.atcdn.co.uk/a/media/w340h255pf7f7f5/99efbaf2f6dc4a7e931bef44ca1a0db7.jpg
2499,89000,1.6L,Automatic,Petrol,https://www.autotrader.co.uk/car-details/202211151706519?onesearchad=New&onesearchad=Nearly%20New&onesearchad=Used&year-from=2006&make=Ford&radius=1500&model=Fiesta&year-to=2006&include-delivery-option=on&postcode=tq122pu&advertising-location=at_cars&exclude-writeoff-categories=on&sort=relevance&page=3,https://m.atcdn.co.uk/a/media/w340h255pf7f7f5/01033e696dab4858ac3e8813d94c0410.jpg
1695,157000,1.6L,Manual,Diesel,https://www.autotrader.co.uk/car-details/202211041384709?onesearchad=New&onesearchad=Nearly%20New&onesearchad=Used&year-from=2006&make=Ford&radius=1500&model=Fiesta&year-to=2006&include-delivery-option=on&postcode=tq122pu&advertising-location=at_cars&exclude-writeoff-categories=on&sort=relevance&page=3,https://m.atcdn.co.uk/a/media/w340h255pf7f7f5/83771b93f5b64b46a8e613b337305ca3.jpg
1050,98000,1.2L,Manual,Petrol,https://www.autotrader.co.uk/car-details/202212142513326?onesearchad=New&onesearchad=Nearly%20New&onesearchad=Used&year-from=2006&make=Ford&radius=1500&model=Fiesta&year-to=2006&include-delivery-option=on&postcode=tq122pu&advertising-location=at_cars&exclude-writeoff-categories=on&sort=relevance&page=3,https://m.atcdn.co.uk/a/media/w340h255pf7f7f5/f43ab7e0f4984f18a5ae2b96918294e0.jpg
2495,67181,1.4L,Manual,Petrol,https://www.autotrader.co.uk/car-details/202212212695086?onesearchad=New&onesearchad=Nearly%20New&onesearchad=Used&year-from=2006&make=Ford&radius=1500&model=Fiesta&year-to=2006&include-delivery-option=on&postcode=tq122pu&advertising-location=at_cars&exclude-writeoff-categories=on&sort=relevance&page=3&journey=PROMOTED_LISTING_JOURNEY,https://m.atcdn.co.uk/a/media/w340h255pf7f7f5/fd79e3d1a9f24bb5b6d563ed23b6ff6e.jpg
1990,69676,1.25L,Manual,Petrol,https://www.autotrader.co.uk/car-details/202212122467319?include-delivery-option=on&model=Fiesta&radius=1500&postcode=tq122pu&exclude-writeoff-categories=on&make=Ford&sort=relevance&advertising-location=at_cars&year-to=2006&onesearchad=New&onesearchad=Nearly%20New&onesearchad=Used&year-from=2006&page=4,https://m.atcdn.co.uk/a/media/w340h255pf7f7f5/261b60290a974418822fa3baec5201d8.jpg
1999,63388,1.25L,Manual,Petrol,https://www.autotrader.co.uk/car-details/202212262773514?include-delivery-option=on&model=Fiesta&radius=1500&postcode=tq122pu&exclude-writeoff-categories=on&make=Ford&sort=relevance&advertising-location=at_cars&year-to=2006&onesearchad=New&onesearchad=Nearly%20New&onesearchad=Used&year-from=2006&page=4,https://m.atcdn.co.uk/a/media/w340h255pf7f7f5/7479c981cde842a9b2f338f0c42add24.jpg
2295,88000,1.4L,Manual,Petrol,https://www.autotrader.co.uk/car-details/202206297276841?include-delivery-option=on&model=Fiesta&radius=1500&postcode=tq122pu&exclude-writeoff-categories=on&make=Ford&sort=relevance&advertising-location=at_cars&year-to=2006&onesearchad=New&onesearchad=Nearly%20New&onesearchad=Used&year-from=2006&page=4,https://m.atcdn.co.uk/a/media/w340h255pf7f7f5/d2335a9af3fe484ab334d7bc623781fd.jpg
1790,81198,1.25L,Manual,Petrol,https://www.autotrader.co.uk/car-details/202212062314516?include-delivery-option=on&model=Fiesta&radius=1500&postcode=tq122pu&exclude-writeoff-categories=on&make=Ford&sort=relevance&advertising-location=at_cars&year-to=2006&onesearchad=New&onesearchad=Nearly%20New&onesearchad=Used&year-from=2006&page=4,https://m.atcdn.co.uk/a/media/w340h255pf7f7f5/3e18cba7162c4ca7b21f9f9f0e475f62.jpg
1895,94000,1.25L,Manual,Petrol,https://www.autotrader.co.uk/car-details/202207218013796?include-delivery-option=on&model=Fiesta&radius=1500&postcode=tq122pu&exclude-writeoff-categories=on&make=Ford&sort=relevance&advertising-location=at_cars&year-to=2006&onesearchad=New&onesearchad=Nearly%20New&onesearchad=Used&year-from=2006&page=4,https://m.atcdn.co.uk/a/media/w340h255pf7f7f5/3e678dd793a2484a9fb1b01e3abf593b.jpg
3999,76773,2.0L,Manual,Petrol,https://www.autotrader.co.uk/car-details/202211121621168?include-delivery-option=on&model=Fiesta&radius=1500&postcode=tq122pu&exclude-writeoff-categories=on&make=Ford&sort=relevance&advertising-location=at_cars&year-to=2006&onesearchad=New&onesearchad=Nearly%20New&onesearchad=Used&year-from=2006&page=4,https://m.atcdn.co.uk/a/media/w340h255pf7f7f5/82b86f250e0e47259f5341b2174ba302.jpg
1295,103987,1.4L,Manual,Petrol,https://www.autotrader.co.uk/car-details/202212232737536?include-delivery-option=on&model=Fiesta&radius=1500&postcode=tq122pu&exclude-writeoff-categories=on&make=Ford&sort=relevance&advertising-location=at_cars&year-to=2006&onesearchad=New&onesearchad=Nearly%20New&onesearchad=Used&year-from=2006&page=4,https://m.atcdn.co.uk/a/media/w340h255pf7f7f5/2a06ed9b778b4652b86d583cbe7ae899.jpg
1395,162547,1.4L,Manual,Petrol,https://www.autotrader.co.uk/car-details/202210190877231?include-delivery-option=on&model=Fiesta&radius=1500&postcode=tq122pu&exclude-writeoff-categories=on&make=Ford&sort=relevance&advertising-location=at_cars&year-to=2006&onesearchad=New&onesearchad=Nearly%20New&onesearchad=Used&year-from=2006&page=4&percentVehiclePriceDeposit=true,https://m.atcdn.co.uk/a/media/w340h255pf7f7f5/dac0d0e321fc40119181f1411b61eddb.jpg
2495,43000,1.25L,Manual,Petrol,https://www.autotrader.co.uk/car-details/202211221902426?include-delivery-option=on&model=Fiesta&radius=1500&postcode=tq122pu&exclude-writeoff-categories=on&make=Ford&sort=relevance&advertising-location=at_cars&year-to=2006&onesearchad=New&onesearchad=Nearly%20New&onesearchad=Used&year-from=2006&page=4,https://m.atcdn.co.uk/a/media/w340h255pf7f7f5/ad1506bacb544f29b7aa01d8c4308066.jpg
2500,65000,1.4L,Manual,Petrol,https://www.autotrader.co.uk/car-details/202211121616447?include-delivery-option=on&model=Fiesta&radius=1500&postcode=tq122pu&exclude-writeoff-categories=on&make=Ford&sort=relevance&advertising-location=at_cars&year-to=2006&onesearchad=New&onesearchad=Nearly%20New&onesearchad=Used&year-from=2006&page=4,https://m.atcdn.co.uk/a/media/w340h255pf7f7f5/0b64b3ebc3174a47a8de0a42c5bcdd92.jpg
1799,97000,1.4L,Manual,Diesel,https://www.autotrader.co.uk/car-details/202212292816616?include-delivery-option=on&model=Fiesta&radius=1500&postcode=tq122pu&exclude-writeoff-categories=on&make=Ford&sort=relevance&advertising-location=at_cars&year-to=2006&onesearchad=New&onesearchad=Nearly%20New&onesearchad=Used&year-from=2006&page=4&journey=PROMOTED_LISTING_JOURNEY,https://m.atcdn.co.uk/a/media/w340h255pf7f7f5/1c8c5dbd615d426bad5c84fcdfcc5ce9.jpg
2199,59000,1.25L,Manual,Petrol,https://www.autotrader.co.uk/car-details/202211282098337?advertising-location=at_cars&year-to=2006&make=Ford&radius=1500&include-delivery-option=on&model=Fiesta&onesearchad=New&onesearchad=Nearly%20New&onesearchad=Used&postcode=tq122pu&year-from=2006&exclude-writeoff-categories=on&sort=relevance&page=5,https://m.atcdn.co.uk/a/media/w340h255pf7f7f5/a874f3ee3f2c441397a32459637e9bba.jpg
2795,51310,1.4L,Manual,Diesel,https://www.autotrader.co.uk/car-details/202211262026566?advertising-location=at_cars&year-to=2006&make=Ford&radius=1500&include-delivery-option=on&model=Fiesta&onesearchad=New&onesearchad=Nearly%20New&onesearchad=Used&postcode=tq122pu&year-from=2006&exclude-writeoff-categories=on&sort=relevance&page=5,https://m.atcdn.co.uk/a/media/w340h255pf7f7f5/0991f37d5eee44fca1e5f3954b1f747b.jpg
2295,59000,1.25L,Manual,Petrol,https://www.autotrader.co.uk/car-details/202207228051690?advertising-location=at_cars&year-to=2006&make=Ford&radius=1500&include-delivery-option=on&model=Fiesta&onesearchad=New&onesearchad=Nearly%20New&onesearchad=Used&postcode=tq122pu&year-from=2006&exclude-writeoff-categories=on&sort=relevance&page=5,https://m.atcdn.co.uk/a/media/w340h255pf7f7f5/ce22d9493f9a4c609586467798fa3d05.jpg
3298,50650,1.4L,Manual,Petrol,https://www.autotrader.co.uk/car-details/202209209926046?advertising-location=at_cars&year-to=2006&make=Ford&radius=1500&include-delivery-option=on&model=Fiesta&onesearchad=New&onesearchad=Nearly%20New&onesearchad=Used&postcode=tq122pu&year-from=2006&exclude-writeoff-categories=on&sort=relevance&page=5,https://m.atcdn.co.uk/a/media/w340h255pf7f7f5/5c5c2c8819ce4c5a9a738c261482ffc1.jpg
2849,56150,1.4L,Manual,Petrol,https://www.autotrader.co.uk/car-details/202210090555788?advertising-location=at_cars&year-to=2006&make=Ford&radius=1500&include-delivery-option=on&model=Fiesta&onesearchad=New&onesearchad=Nearly%20New&onesearchad=Used&postcode=tq122pu&year-from=2006&exclude-writeoff-categories=on&sort=relevance&page=5,https://m.atcdn.co.uk/a/media/w340h255pf7f7f5/c3db7f3aacea42eb849de489168e4350.jpg
2699,50000,1.4L,Manual,Petrol,https://www.autotrader.co.uk/car-details/202212302843995?advertising-location=at_cars&year-to=2006&make=Ford&radius=1500&include-delivery-option=on&model=Fiesta&onesearchad=New&onesearchad=Nearly%20New&onesearchad=Used&postcode=tq122pu&year-from=2006&exclude-writeoff-categories=on&sort=relevance&page=5,https://m.atcdn.co.uk/a/media/w340h255pf7f7f5/3981b4b7b7f546b5ac0c0a0d6760d03e.jpg
3500,57600,1.6L,Automatic,Petrol,https://www.autotrader.co.uk/car-details/202206086599591?advertising-location=at_cars&year-to=2006&make=Ford&radius=1500&include-delivery-option=on&model=Fiesta&onesearchad=New&onesearchad=Nearly%20New&onesearchad=Used&postcode=tq122pu&year-from=2006&exclude-writeoff-categories=on&sort=relevance&page=5,https://m.atcdn.co.uk/a/media/w340h255pf7f7f5/21d3ee3f7a1d4a119cd7fb31f395dc1f.jpg
4990,31922,1.6L,Automatic,Petrol,https://www.autotrader.co.uk/car-details/202212122455063?advertising-location=at_cars&year-to=2006&make=Ford&radius=1500&include-delivery-option=on&model=Fiesta&onesearchad=New&onesearchad=Nearly%20New&onesearchad=Used&postcode=tq122pu&year-from=2006&exclude-writeoff-categories=on&sort=relevance&page=5,https://m.atcdn.co.uk/a/media/w340h255pf7f7f5/b0742f5260b8480792d630c39cb59fd6.jpg
1599,82169,1.25L,Manual,Petrol,https://www.autotrader.co.uk/car-details/202212202672840?advertising-location=at_cars&year-to=2006&make=Ford&radius=1500&include-delivery-option=on&model=Fiesta&onesearchad=New&onesearchad=Nearly%20New&onesearchad=Used&postcode=tq122pu&year-from=2006&exclude-writeoff-categories=on&sort=relevance&page=5,https://m.atcdn.co.uk/a/media/w340h255pf7f7f5/a948a411b3ab4111a549876d2957e9a0.jpg
2490,68041,1.4L,Manual,Diesel,https://www.autotrader.co.uk/car-details/202211201846654?advertising-location=at_cars&year-to=2006&make=Ford&radius=1500&include-delivery-option=on&model=Fiesta&onesearchad=New&onesearchad=Nearly%20New&onesearchad=Used&postcode=tq122pu&year-from=2006&exclude-writeoff-categories=on&sort=relevance&page=5,https://m.atcdn.co.uk/a/media/w340h255pf7f7f5/da4bf9521fc244da90a8d2d3b4069b29.jpg
1799,97000,1.4L,Manual,Diesel,https://www.autotrader.co.uk/car-details/202212292816616?advertising-location=at_cars&year-to=2006&make=Ford&radius=1500&include-delivery-option=on&model=Fiesta&onesearchad=New&onesearchad=Nearly%20New&onesearchad=Used&postcode=tq122pu&year-from=2006&exclude-writeoff-categories=on&sort=relevance&page=5&journey=PROMOTED_LISTING_JOURNEY,https://m.atcdn.co.uk/a/media/w340h255pf7f7f5/1c8c5dbd615d426bad5c84fcdfcc5ce9.jpg
2195,71380,1.25L,Manual,Petrol,https://www.autotrader.co.uk/car-details/202212122476660?exclude-writeoff-categories=on&include-delivery-option=on&onesearchad=New&onesearchad=Nearly%20New&onesearchad=Used&year-from=2006&make=Ford&radius=1500&advertising-location=at_cars&model=Fiesta&postcode=tq122pu&year-to=2006&sort=relevance&page=6,https://m.atcdn.co.uk/a/media/w340h255pf7f7f5/3d12096d01b547cdbe415baaed76f63b.jpg
3295,45000,1.6L,Manual,Petrol,https://www.autotrader.co.uk/car-details/202212012174779?exclude-writeoff-categories=on&include-delivery-option=on&onesearchad=New&onesearchad=Nearly%20New&onesearchad=Used&year-from=2006&make=Ford&radius=1500&advertising-location=at_cars&model=Fiesta&postcode=tq122pu&year-to=2006&sort=relevance&page=6,https://m.atcdn.co.uk/a/media/w340h255pf7f7f5/7ae7e6c91b2c419f9c3ecfbc46cb1625.jpg
2495,54930,1.4L,Manual,Petrol,https://www.autotrader.co.uk/car-details/202212122476589?exclude-writeoff-categories=on&include-delivery-option=on&onesearchad=New&onesearchad=Nearly%20New&onesearchad=Used&year-from=2006&make=Ford&radius=1500&advertising-location=at_cars&model=Fiesta&postcode=tq122pu&year-to=2006&sort=relevance&page=6,https://m.atcdn.co.uk/a/media/w340h255pf7f7f5/6da29c85787247f78d0a9c1debcf934b.jpg
2495,76000,1.25L,Manual,Petrol,https://www.autotrader.co.uk/car-details/202212162563858?exclude-writeoff-categories=on&include-delivery-option=on&onesearchad=New&onesearchad=Nearly%20New&onesearchad=Used&year-from=2006&make=Ford&radius=1500&advertising-location=at_cars&model=Fiesta&postcode=tq122pu&year-to=2006&sort=relevance&page=6&percentVehiclePriceDeposit=true,https://m.atcdn.co.uk/a/media/w340h255pf7f7f5/684b20f6024e4c9eb3d49c4c98e055cc.jpg
2295,88213,1.4L,Manual,Petrol,https://www.autotrader.co.uk/car-details/202212202657754?exclude-writeoff-categories=on&include-delivery-option=on&onesearchad=New&onesearchad=Nearly%20New&onesearchad=Used&year-from=2006&make=Ford&radius=1500&advertising-location=at_cars&model=Fiesta&postcode=tq122pu&year-to=2006&sort=relevance&page=6,https://m.atcdn.co.uk/a/media/w340h255pf7f7f5/1e27fb449e4c4d8ea71073cd1c7bf5ff.jpg
2500,56000,1.25L,Manual,Petrol,https://www.autotrader.co.uk/car-details/202212062332500?exclude-writeoff-categories=on&include-delivery-option=on&onesearchad=New&onesearchad=Nearly%20New&onesearchad=Used&year-from=2006&make=Ford&radius=1500&advertising-location=at_cars&model=Fiesta&postcode=tq122pu&year-to=2006&sort=relevance&page=6,https://m.atcdn.co.uk/a/media/w340h255pf7f7f5/ad01a0c87f55403e80357502c6fc8a93.jpg
1995,72500,1.25L,Manual,Petrol,https://www.autotrader.co.uk/car-details/202211161738752?exclude-writeoff-categories=on&include-delivery-option=on&onesearchad=New&onesearchad=Nearly%20New&onesearchad=Used&year-from=2006&make=Ford&radius=1500&advertising-location=at_cars&model=Fiesta&postcode=tq122pu&year-to=2006&sort=relevance&page=6,https://m.atcdn.co.uk/a/media/w340h255pf7f7f5/05cf74eb76b542e893f59a590f280ace.jpg
1889,144000,1.25L,Manual,Petrol,https://www.autotrader.co.uk/car-details/202212222721622?exclude-writeoff-categories=on&include-delivery-option=on&onesearchad=New&onesearchad=Nearly%20New&onesearchad=Used&year-from=2006&make=Ford&radius=1500&advertising-location=at_cars&model=Fiesta&postcode=tq122pu&year-to=2006&sort=relevance&page=6,https://m.atcdn.co.uk/a/media/w340h255pf7f7f5/d6617705230e447ebba1668b6175cac2.jpg
2595,67000,1.25L,Manual,Petrol,https://www.autotrader.co.uk/car-details/202212272793293?exclude-writeoff-categories=on&include-delivery-option=on&onesearchad=New&onesearchad=Nearly%20New&onesearchad=Used&year-from=2006&make=Ford&radius=1500&advertising-location=at_cars&model=Fiesta&postcode=tq122pu&year-to=2006&sort=relevance&page=6,https://m.atcdn.co.uk/a/media/w340h255pf7f7f5/b237821cbacb4995a6f7f16046540386.jpg
3495,49000,1.25L,Manual,Petrol,https://www.autotrader.co.uk/car-details/202211221892169?exclude-writeoff-categories=on&include-delivery-option=on&onesearchad=New&onesearchad=Nearly%20New&onesearchad=Used&year-from=2006&make=Ford&radius=1500&advertising-location=at_cars&model=Fiesta&postcode=tq122pu&year-to=2006&sort=relevance&page=6,https://m.atcdn.co.uk/a/media/w340h255pf7f7f5/00564fa8b1954c15b101af5bfeabeb0a.jpg
1799,97000,1.4L,Manual,Diesel,https://www.autotrader.co.uk/car-details/202212292816616?exclude-writeoff-categories=on&include-delivery-option=on&onesearchad=New&onesearchad=Nearly%20New&onesearchad=Used&year-from=2006&make=Ford&radius=1500&advertising-location=at_cars&model=Fiesta&postcode=tq122pu&year-to=2006&sort=relevance&page=6&journey=PROMOTED_LISTING_JOURNEY,https://m.atcdn.co.uk/a/media/w340h255pf7f7f5/1c8c5dbd615d426bad5c84fcdfcc5ce9.jpg
3598,38900,1.4L,Manual,Petrol,https://www.autotrader.co.uk/car-details/202212172594245?model=Fiesta&exclude-writeoff-categories=on&radius=1500&postcode=tq122pu&onesearchad=New&onesearchad=Nearly%20New&onesearchad=Used&include-delivery-option=on&make=Ford&sort=relevance&advertising-location=at_cars&year-to=2006&year-from=2006&page=7,https://m.atcdn.co.uk/a/media/w340h255pf7f7f5/026f33ab3e0b40f68addaa31e225288e.jpg
2995,84536,1.4L,Manual,Diesel,https://www.autotrader.co.uk/car-details/202211121615313?model=Fiesta&exclude-writeoff-categories=on&radius=1500&postcode=tq122pu&onesearchad=New&onesearchad=Nearly%20New&onesearchad=Used&include-delivery-option=on&make=Ford&sort=relevance&advertising-location=at_cars&year-to=2006&year-from=2006&page=7,https://m.atcdn.co.uk/a/media/w340h255pf7f7f5/336d63402ffc4493822f40aaebece6c3.jpg
2995,53000,1.2L,Manual,Petrol,https://www.autotrader.co.uk/car-details/202212122461465?model=Fiesta&exclude-writeoff-categories=on&radius=1500&postcode=tq122pu&onesearchad=New&onesearchad=Nearly%20New&onesearchad=Used&include-delivery-option=on&make=Ford&sort=relevance&advertising-location=at_cars&year-to=2006&year-from=2006&page=7,https://m.atcdn.co.uk/a/media/w340h255pf7f7f5/739dfeea38e94b35a312bec44e42ff00.jpg
3198,57000,1.4L,Manual,Petrol,https://www.autotrader.co.uk/car-details/202211011266731?model=Fiesta&exclude-writeoff-categories=on&radius=1500&postcode=tq122pu&onesearchad=New&onesearchad=Nearly%20New&onesearchad=Used&include-delivery-option=on&make=Ford&sort=relevance&advertising-location=at_cars&year-to=2006&year-from=2006&page=7,https://m.atcdn.co.uk/a/media/w340h255pf7f7f5/2b61f3cbeb86485cb3e99c4846240862.jpg
2250,88000,1.4L,Manual,Petrol,https://www.autotrader.co.uk/car-details/202211231933753?model=Fiesta&exclude-writeoff-categories=on&radius=1500&postcode=tq122pu&onesearchad=New&onesearchad=Nearly%20New&onesearchad=Used&include-delivery-option=on&make=Ford&sort=relevance&advertising-location=at_cars&year-to=2006&year-from=2006&page=7,https://m.atcdn.co.uk/a/media/w340h255pf7f7f5/ee62d581f9e64cb383c2ee8825d0fdf3.jpg
2090,48000,1.4L,Manual,Petrol,https://www.autotrader.co.uk/car-details/202212162574634?model=Fiesta&exclude-writeoff-categories=on&radius=1500&postcode=tq122pu&onesearchad=New&onesearchad=Nearly%20New&onesearchad=Used&include-delivery-option=on&make=Ford&sort=relevance&advertising-location=at_cars&year-to=2006&year-from=2006&page=7,https://m.atcdn.co.uk/a/media/w340h255pf7f7f5/a7336ebc478444c097a9c30030408bd6.jpg
2950,98500,1.4L,Automatic,Petrol,https://www.autotrader.co.uk/car-details/202212122476535?model=Fiesta&exclude-writeoff-categories=on&radius=1500&postcode=tq122pu&onesearchad=New&onesearchad=Nearly%20New&onesearchad=Used&include-delivery-option=on&make=Ford&sort=relevance&advertising-location=at_cars&year-to=2006&year-from=2006&page=7,https://m.atcdn.co.uk/a/media/w340h255pf7f7f5/90d94267313a4f2393629840b43ae78f.jpg
1695,127623,1.4L,Manual,Petrol,https://www.autotrader.co.uk/car-details/202212132490447?model=Fiesta&exclude-writeoff-categories=on&radius=1500&postcode=tq122pu&onesearchad=New&onesearchad=Nearly%20New&onesearchad=Used&include-delivery-option=on&make=Ford&sort=relevance&advertising-location=at_cars&year-to=2006&year-from=2006&page=7,https://m.atcdn.co.uk/a/media/w340h255pf7f7f5/de4d4d2c070c4f7d88842c4586e89a1f.jpg
3000,68026,1.4L,Manual,Petrol,https://www.autotrader.co.uk/car-details/202212072341723?model=Fiesta&exclude-writeoff-categories=on&radius=1500&postcode=tq122pu&onesearchad=New&onesearchad=Nearly%20New&onesearchad=Used&include-delivery-option=on&make=Ford&sort=relevance&advertising-location=at_cars&year-to=2006&year-from=2006&page=7,https://m.atcdn.co.uk/a/media/w340h255pf7f7f5/1034b9297bc345d399dc8650596b57ae.jpg
2795,74000,1.4L,Manual,Petrol,https://www.autotrader.co.uk/car-details/202211302153975?model=Fiesta&exclude-writeoff-categories=on&radius=1500&postcode=tq122pu&onesearchad=New&onesearchad=Nearly%20New&onesearchad=Used&include-delivery-option=on&make=Ford&sort=relevance&advertising-location=at_cars&year-to=2006&year-from=2006&page=7,https://m.atcdn.co.uk/a/media/w340h255pf7f7f5/b8e09933f52243c3b39808946638caa4.jpg
2495,67181,1.4L,Manual,Petrol,https://www.autotrader.co.uk/car-details/202212212695086?model=Fiesta&exclude-writeoff-categories=on&radius=1500&postcode=tq122pu&onesearchad=New&onesearchad=Nearly%20New&onesearchad=Used&include-delivery-option=on&make=Ford&sort=relevance&advertising-location=at_cars&year-to=2006&year-from=2006&page=7&journey=PROMOTED_LISTING_JOURNEY,https://m.atcdn.co.uk/a/media/w340h255pf7f7f5/fd79e3d1a9f24bb5b6d563ed23b6ff6e.jpg
1990,105919,1.25L,Manual,Petrol,https://www.autotrader.co.uk/car-details/202211221894604?exclude-writeoff-categories=on&include-delivery-option=on&onesearchad=New&onesearchad=Nearly%20New&onesearchad=Used&year-from=2006&make=Ford&radius=1500&advertising-location=at_cars&model=Fiesta&postcode=tq122pu&year-to=2006&sort=relevance&page=8,https://m.atcdn.co.uk/a/media/w340h255pf7f7f5/231e5d0372954f4c8ed6dca2d20b5733.jpg
2295,144000,1.6L,Manual,Diesel,https://www.autotrader.co.uk/car-details/202205065426158?exclude-writeoff-categories=on&include-delivery-option=on&onesearchad=New&onesearchad=Nearly%20New&onesearchad=Used&year-from=2006&make=Ford&radius=1500&advertising-location=at_cars&model=Fiesta&postcode=tq122pu&year-to=2006&sort=relevance&page=8,https://m.atcdn.co.uk/a/media/w340h255pf7f7f5/6502761b899c4ed1aafd8211850bc67a.jpg
2495,67181,1.4L,Manual,Petrol,https://www.autotrader.co.uk/car-details/202212212695086?exclude-writeoff-categories=on&include-delivery-option=on&onesearchad=New&onesearchad=Nearly%20New&onesearchad=Used&year-from=2006&make=Ford&radius=1500&advertising-location=at_cars&model=Fiesta&postcode=tq122pu&year-to=2006&sort=relevance&page=8,https://m.atcdn.co.uk/a/media/w340h255pf7f7f5/fd79e3d1a9f24bb5b6d563ed23b6ff6e.jpg
2750,59000,1.4L,Manual,Petrol,https://www.autotrader.co.uk/car-details/202212102423045?exclude-writeoff-categories=on&include-delivery-option=on&onesearchad=New&onesearchad=Nearly%20New&onesearchad=Used&year-from=2006&make=Ford&radius=1500&advertising-location=at_cars&model=Fiesta&postcode=tq122pu&year-to=2006&sort=relevance&page=8,https://www.autotrader.co.uk/images/noimage/no_image_266x200.png
2495,43108,1.4L,Manual,Petrol,https://www.autotrader.co.uk/car-details/202211231937032?exclude-writeoff-categories=on&include-delivery-option=on&onesearchad=New&onesearchad=Nearly%20New&onesearchad=Used&year-from=2006&make=Ford&radius=1500&advertising-location=at_cars&model=Fiesta&postcode=tq122pu&year-to=2006&sort=relevance&page=8,https://m.atcdn.co.uk/a/media/w340h255pf7f7f5/4cf0772840c14c9aafa35dd10c692c99.jpg
3295,104520,2.0L,Manual,Petrol,https://www.autotrader.co.uk/car-details/202110188619292?exclude-writeoff-categories=on&include-delivery-option=on&onesearchad=New&onesearchad=Nearly%20New&onesearchad=Used&year-from=2006&make=Ford&radius=1500&advertising-location=at_cars&model=Fiesta&postcode=tq122pu&year-to=2006&sort=relevance&page=8,https://m.atcdn.co.uk/a/media/w340h255pf7f7f5/323d45b515e74eb89727bdd71d2585e8.jpg
4495,24000,1.6L,Automatic,Petrol,https://www.autotrader.co.uk/car-details/202210200921126?exclude-writeoff-categories=on&include-delivery-option=on&onesearchad=New&onesearchad=Nearly%20New&onesearchad=Used&year-from=2006&make=Ford&radius=1500&advertising-location=at_cars&model=Fiesta&postcode=tq122pu&year-to=2006&sort=relevance&page=8&percentVehiclePriceDeposit=true,https://m.atcdn.co.uk/a/media/w340h255pf7f7f5/b3eeef94f64f48558d05851d601bc304.jpg
3295,106000,2.0L,Manual,Petrol,https://www.autotrader.co.uk/car-details/202211302143652?exclude-writeoff-categories=on&include-delivery-option=on&onesearchad=New&onesearchad=Nearly%20New&onesearchad=Used&year-from=2006&make=Ford&radius=1500&advertising-location=at_cars&model=Fiesta&postcode=tq122pu&year-to=2006&sort=relevance&page=8,https://m.atcdn.co.uk/a/media/w340h255pf7f7f5/d8bf6f84c8734a8dbbe245f028739b84.jpg
2390,71000,1.6L,Automatic,Petrol,https://www.autotrader.co.uk/car-details/202212212674399?exclude-writeoff-categories=on&include-delivery-option=on&onesearchad=New&onesearchad=Nearly%20New&onesearchad=Used&year-from=2006&make=Ford&radius=1500&advertising-location=at_cars&model=Fiesta&postcode=tq122pu&year-to=2006&sort=relevance&page=8,https://m.atcdn.co.uk/a/media/w340h255pf7f7f5/d193d872b72a4c93863fedd38b573fcc.jpg
4495,86000,2.0L,Manual,Petrol,https://www.autotrader.co.uk/car-details/202212112450595?exclude-writeoff-categories=on&include-delivery-option=on&onesearchad=New&onesearchad=Nearly%20New&onesearchad=Used&year-from=2006&make=Ford&radius=1500&advertising-location=at_cars&model=Fiesta&postcode=tq122pu&year-to=2006&sort=relevance&page=8,https://m.atcdn.co.uk/a/media/w340h255pf7f7f5/5cf21202fd71418bba7cfd021dd7ce4b.jpg
1799,97000,1.4L,Manual,Diesel,https://www.autotrader.co.uk/car-details/202212292816616?exclude-writeoff-categories=on&include-delivery-option=on&onesearchad=New&onesearchad=Nearly%20New&onesearchad=Used&year-from=2006&make=Ford&radius=1500&advertising-location=at_cars&model=Fiesta&postcode=tq122pu&year-to=2006&sort=relevance&page=8&journey=PROMOTED_LISTING_JOURNEY,https://m.atcdn.co.uk/a/media/w340h255pf7f7f5/1c8c5dbd615d426bad5c84fcdfcc5ce9.jpg
4995,15206,1.6L,Automatic,Petrol,https://www.autotrader.co.uk/car-details/202205135650591?exclude-writeoff-categories=on&year-from=2006&make=Ford&radius=1500&advertising-location=at_cars&year-to=2006&include-delivery-option=on&model=Fiesta&onesearchad=New&onesearchad=Nearly%20New&onesearchad=Used&postcode=tq122pu&sort=relevance&page=9&percentVehiclePriceDeposit=true,https://m.atcdn.co.uk/a/media/w340h255pf7f7f5/080904a8281845ba87f575982af457d4.jpg
995,90000,1.25L,Manual,Petrol,https://www.autotrader.co.uk/car-details/202212192623779?exclude-writeoff-categories=on&year-from=2006&make=Ford&radius=1500&advertising-location=at_cars&year-to=2006&include-delivery-option=on&model=Fiesta&onesearchad=New&onesearchad=Nearly%20New&onesearchad=Used&postcode=tq122pu&sort=relevance&page=9,https://m.atcdn.co.uk/a/media/w340h255pf7f7f5/f6461433acf94d3c9eca7598c6cd2410.jpg
1795,96103,1.6L,Manual,Diesel,https://www.autotrader.co.uk/car-details/202212202669130?exclude-writeoff-categories=on&year-from=2006&make=Ford&radius=1500&advertising-location=at_cars&year-to=2006&include-delivery-option=on&model=Fiesta&onesearchad=New&onesearchad=Nearly%20New&onesearchad=Used&postcode=tq122pu&sort=relevance&page=9,https://m.atcdn.co.uk/a/media/w340h255pf7f7f5/44559bd077b54fad9c8178706eed3f1d.jpg
2295,89000,1.4L,Manual,Petrol,https://www.autotrader.co.uk/car-details/202212052282399?exclude-writeoff-categories=on&year-from=2006&make=Ford&radius=1500&advertising-location=at_cars&year-to=2006&include-delivery-option=on&model=Fiesta&onesearchad=New&onesearchad=Nearly%20New&onesearchad=Used&postcode=tq122pu&sort=relevance&page=9,https://m.atcdn.co.uk/a/media/w340h255pf7f7f5/0eedb0ff7730439886d0a9a5f4baef80.jpg
2499,60000,1.25L,Manual,Petrol,https://www.autotrader.co.uk/car-details/202211302161307?exclude-writeoff-categories=on&year-from=2006&make=Ford&radius=1500&advertising-location=at_cars&year-to=2006&include-delivery-option=on&model=Fiesta&onesearchad=New&onesearchad=Nearly%20New&onesearchad=Used&postcode=tq122pu&sort=relevance&page=9,https://m.atcdn.co.uk/a/media/w340h255pf7f7f5/3bc6b7f7886b46958f2a3b10e857f540.jpg
2995,103000,1.6L,Manual,Petrol,https://www.autotrader.co.uk/car-details/202210160775960?exclude-writeoff-categories=on&year-from=2006&make=Ford&radius=1500&advertising-location=at_cars&year-to=2006&include-delivery-option=on&model=Fiesta&onesearchad=New&onesearchad=Nearly%20New&onesearchad=Used&postcode=tq122pu&sort=relevance&page=9,https://m.atcdn.co.uk/a/media/w340h255pf7f7f5/ed98ddc68e6c42b19eff682befde97b7.jpg
1825,145728,1.6L,Automatic,Petrol,https://www.autotrader.co.uk/car-details/202212172586386?exclude-writeoff-categories=on&year-from=2006&make=Ford&radius=1500&advertising-location=at_cars&year-to=2006&include-delivery-option=on&model=Fiesta&onesearchad=New&onesearchad=Nearly%20New&onesearchad=Used&postcode=tq122pu&sort=relevance&page=9,https://m.atcdn.co.uk/a/media/w340h255pf7f7f5/9556d3152e3346cabc8729e4af3bd6a9.jpg
1795,90000,1.25L,Manual,Petrol,https://www.autotrader.co.uk/car-details/202212292832278?exclude-writeoff-categories=on&year-from=2006&make=Ford&radius=1500&advertising-location=at_cars&year-to=2006&include-delivery-option=on&model=Fiesta&onesearchad=New&onesearchad=Nearly%20New&onesearchad=Used&postcode=tq122pu&sort=relevance&page=9,https://m.atcdn.co.uk/a/media/w340h255pf7f7f5/1da48eb5604a49b6809ae18f50c248f2.jpg
2490,100000,1.6L,Automatic,Petrol,https://www.autotrader.co.uk/car-details/202212052288638?exclude-writeoff-categories=on&year-from=2006&make=Ford&radius=1500&advertising-location=at_cars&year-to=2006&include-delivery-option=on&model=Fiesta&onesearchad=New&onesearchad=Nearly%20New&onesearchad=Used&postcode=tq122pu&sort=relevance&page=9,https://m.atcdn.co.uk/a/media/w340h255pf7f7f5/6e455b4f300c4963a93ad7ec17667c21.jpg
1799,97000,1.4L,Manual,Diesel,https://www.autotrader.co.uk/car-details/202212292816616?exclude-writeoff-categories=on&year-from=2006&make=Ford&radius=1500&advertising-location=at_cars&year-to=2006&include-delivery-option=on&model=Fiesta&onesearchad=New&onesearchad=Nearly%20New&onesearchad=Used&postcode=tq122pu&sort=relevance&page=9&journey=PROMOTED_LISTING_JOURNEY,https://m.atcdn.co.uk/a/media/w340h255pf7f7f5/1c8c5dbd615d426bad5c84fcdfcc5ce9.jpg
2150,127331,1.6L,Manual,Petrol,https://www.autotrader.co.uk/car-details/202212202662602?advertising-location=at_cars&year-to=2006&make=Ford&radius=1500&include-delivery-option=on&model=Fiesta&onesearchad=New&onesearchad=Nearly%20New&onesearchad=Used&postcode=tq122pu&year-from=2006&exclude-writeoff-categories=on&sort=relevance&page=10,https://m.atcdn.co.uk/a/media/w340h255pf7f7f5/7e4eb1ada1e740ad89c43febaf6b9511.jpg
2495,67181,1.4L,Manual,Petrol,https://www.autotrader.co.uk/car-details/202212212695086?advertising-location=at_cars&year-to=2006&make=Ford&radius=1500&include-delivery-option=on&model=Fiesta&onesearchad=New&onesearchad=Nearly%20New&onesearchad=Used&postcode=tq122pu&year-from=2006&exclude-writeoff-categories=on&sort=relevance&page=10&journey=PROMOTED_LISTING_JOURNEY,https://m.atcdn.co.uk/a/media/w340h255pf7f7f5/fd79e3d1a9f24bb5b6d563ed23b6ff6e.jpg
